code,sector,price,daily_liquidity,dividend,dividend_yield,dl_3M,dl_6M,dl_12M,DY (3M) Média,DY (6M) Média,DY (12M) Média,DY Ano,Variação Preço,Rentab. Período,Rentab. Acumulada,Patrimônio Líq.,VPA,P/VPA,DY Patrimonial,Variação Patrimonial,Rentab. Patr. no Período,Rentab. Patr. Acumulada,Vacância Física,Vacância Financeira,Quantidade Ativos
FIVN11,Shoppings,3.08,1003.0,0.0,0.0,0.0,0.0,0.0,0.0,0.0,0.0,0.0,0.0,0.0,0.0,72350178.26,7.69,40.0,0.0,0.0,0.0,0.0,56.0,0.0,1
BZLI11,Títulos e Val. Mob.,19.5,1.0,0.0,0.0,0.0,0.0,0.0,0.0,0.0,0.0,0.0,0.68,0.68,1.14,448259394.13,10.71,182.0,0.0,0.0,0.0,0.0,0.0,0.0,0
XTED11,Lajes Corporativas,8.82,2223.0,0.0,0.0,0.0,0.0,0.0,0.0,0.0,0.0,0.0,1.1,1.1,-37.83,27688895.17,13.26,67.0,0.0,0.0,0.0,0.0,0.0,100.0,1
ALMI11,Lajes Corporativas,759.0,4.0,0.0,0.0,0.0,0.0,0.0,0.0,0.0,0.0,0.0,2.27,2.27,-28.29,224901265.1,222.91,38.0,0.0,0.0,0.0,0.0,64.05,0.0,1
PABY11,Híbrido,11.99,104.0,0.0,0.0,0.0,0.0,0.0,0.0,0.0,0.0,0.0,-19.84,-19.84,-31.62,-12536949.41,-16.53,-73.0,0.0,0.0,0.0,0.0,0.0,0.0,1
ORPD11,Títulos e Val. Mob.,11.0,50.0,1.38,0.0,0.0,0.0,0.0,0.0,0.0,0.0,0.0,0.0,0.0,0.0,42782812.87,147.53,7.0,0.0,0.0,0.0,0.0,0.0,0.0,0
GSFI11,Shoppings,5.5,16783.0,0.0,0.03,0.03,0.03,0.03,0.01,0.0,0.0,0.03,0.0,0.03,0.03,162133568.44,14.12,39.0,0.0,0.0,0.0,0.0,10.3,0.0,10
PRSV11,Lajes Corporativas,108.8,14.0,1.62,0.42,1.53,2.91,5.95,0.51,0.48,0.5,4.46,5.3,5.74,-11.25,42247192.35,216.65,50.0,0.0,0.0,0.0,0.0,40.9,0.0,2
FAMB11B,Lajes Corporativas,760.02,4.0,9.16,0.56,2.17,4.78,10.43,0.72,0.8,0.87,8.82,-47.8,-47.51,-47.8,311955201.16,2976.67,26.0,0.0,0.0,0.0,0.0,100.0,0.0,1
FMOF11,Lajes Corporativas,51.0,109.0,0.64,0.0,0.0,0.0,0.0,0.0,0.0,0.0,0.0,0.0,0.0,0.0,60294445.05,118.69,43.0,0.0,0.0,0.0,0.0,52.08,0.0,1
HGRS11,Residencial,0.0,0.0,0.0,0.0,0.0,0.0,0.0,0.0,0.0,0.0,0.0,0.0,0.0,0.0,15056661.91,100.85,0.0,0.0,0.0,0.0,0.0,0.0,0.0,0
RBDS11,Residencial,2.65,1.0,0.0,0.0,0.0,0.0,0.0,0.0,0.0,0.0,0.0,0.0,0.0,0.0,251948.96,19.91,13.0,0.0,0.0,0.0,0.0,0.0,0.0,0
VXXV11,Outros,101.0,5994.0,10.76,0.0,0.0,0.0,0.0,0.0,0.0,0.0,0.0,0.0,0.0,0.0,26797794.55,106.06,99.0,0.0,0.0,0.0,0.0,0.0,0.0,0
HRDF11,Híbrido,0.87,152.0,6.8,0.0,0.0,0.0,0.0,0.0,0.0,0.0,0.0,0.0,0.0,0.0,8588308.07,1.13,77.0,0.0,0.0,0.0,0.0,0.0,0.0,0
CJCT11,Lajes Corporativas,61.0,353.0,0.0,0.0,0.0,0.0,0.0,0.0,0.0,0.0,0.0,0.0,0.0,0.0,205750284.32,65.53,93.0,0.0,0.0,0.0,0.0,59.0,0.0,1
CTXT11,Lajes Corporativas,10.79,121.0,0.09,0.39,0.78,1.36,5.53,0.26,0.23,0.46,1.36,-2.58,-2.2,-39.31,107663274.28,34.12,32.0,0.0,0.0,0.0,0.0,97.0,0.0,1
SRVD11,Títulos e Val. Mob.,7.07,36.0,0.1,1.01,0.0,0.0,0.0,0.0,0.0,0.0,1.01,0.0,1.01,1.01,71115145.73,0.74,957.0,0.0,0.0,0.0,0.0,0.0,0.0,0
CARE11,Híbrido,2.16,30424.0,0.0,0.23,0.66,1.36,1.6,0.22,0.23,0.13,1.36,-2.63,-2.41,5.65,298691504.18,8.35,26.0,0.0,0.0,0.0,0.0,0.0,0.0,0
RBGS11,Shoppings,28.45,5157.0,0.18,0.62,1.59,2.73,5.12,0.53,0.46,0.43,5.12,-1.9,-1.29,-28.71,97865283.71,90.78,31.0,0.18,0.0,0.18,1.17,13.0,0.0,1
IBFF11,Títulos e Val. Mob.,66.4,1924.0,0.3,0.44,2.01,4.58,9.52,0.67,0.76,0.79,5.42,7.5,7.98,19.59,9855905.16,14.78,449.0,0.0,0.0,0.0,0.0,0.0,0.0,0
YUFI11B,Residencial,0.0,0.0,0.63,0.0,0.0,0.0,0.0,0.0,0.0,0.0,0.0,0.0,0.0,0.0,48747793.44,98.95,0.0,0.0,0.0,0.0,0.0,0.0,0.0,0
CORM11,Híbrido,99.42,20270.0,0.77,0.9,2.76,5.35,11.38,0.92,0.89,0.95,6.2,-2.97,-2.1,-4.27,85655510.06,84.2,118.0,0.0,0.0,0.0,0.0,0.0,0.0,0
BLCP11,Outros,91.0,123.0,0.56,0.62,1.72,3.46,6.64,0.57,0.58,0.55,5.31,-0.54,0.08,19.93,256580339.9,111.74,81.0,0.5,-0.02,0.49,15.81,6.2,0.0,2
VVPR11,Híbrido,101.5,2211.0,0.89,0.88,2.47,4.88,9.73,0.82,0.81,0.81,6.57,2.01,2.91,15.95,22632234.18,98.03,104.0,0.0,0.0,0.0,0.0,0.0,0.0,6
BTCR11,Títulos e Val. Mob.,88.0,6663.0,0.9,1.0,2.93,6.64,13.56,0.98,1.11,1.13,11.59,-6.19,-5.26,9.82,458252683.73,95.27,92.0,0.94,0.64,1.59,4.62,0.0,0.0,0
KNRE11,Residencial,0.66,5697.0,0.04,6.74,0.0,0.0,0.0,0.0,0.0,0.0,6.74,0.0,6.74,6.74,13910742.85,0.75,88.0,0.0,0.0,0.0,0.0,0.0,0.0,0
FEXC11,Títulos e Val. Mob.,83.5,9153.0,0.95,0.0,0.0,0.0,0.0,0.0,0.0,0.0,0.0,0.0,0.0,6.46,101470167.13,90.57,92.0,0.0,0.0,0.0,0.0,0.0,0.0,0
ARCT11,Híbrido,87.13,6496.0,0.39,0.44,2.13,4.81,13.92,0.71,0.8,1.16,13.92,-0.42,0.03,-7.05,369956160.07,99.77,87.0,0.76,0.04,0.8,6.31,0.0,0.0,4
TORD11,Outros,3.66,56545.0,0.05,0.93,2.57,5.12,11.45,0.86,0.85,0.95,0.93,0.0,0.93,0.93,48732696.9,13.89,26.0,0.0,0.0,0.0,0.0,0.0,0.0,0
QIRI11,Títulos e Val. Mob.,78.04,39.0,89.64,114.86,116.71,119.51,123.94,38.9,19.92,10.33,121.86,1.48,118.05,99.75,13441852.95,89.61,87.0,0.0,0.0,0.0,0.0,0.0,0.0,0
KEVE11,Residencial,999.99,112.0,3.05,0.32,0.0,0.0,0.0,0.0,0.0,0.0,0.32,0.0,0.32,0.32,13883957.89,940.0,106.0,0.0,0.0,0.0,0.0,0.0,0.0,0
BRIP11,Híbrido,1149.99,1.0,107.0,0.0,0.0,0.0,0.0,0.0,0.0,0.0,0.0,0.0,0.0,0.0,207881961.84,964.76,119.0,0.0,0.0,0.0,0.0,0.0,0.0,0
SNLG11,Logística,34.18,911.0,0.35,0.91,2.67,4.62,11.75,0.89,0.77,0.98,0.91,0.0,0.91,0.91,11688485.68,61.48,56.0,0.0,0.0,0.0,0.0,0.0,0.0,3
BPML11,Shoppings,58.36,30.0,0.27,0.46,1.37,2.49,5.26,0.46,0.42,0.44,0.46,0.0,0.46,0.46,53773355.75,124.75,47.0,0.0,0.0,0.0,0.0,5.8,0.0,7
ATSA11,Shoppings,67.31,7.0,0.05,0.07,0.2,0.39,1.69,0.07,0.06,0.14,0.13,0.0,0.07,0.13,142848791.89,81.57,83.0,0.0,0.0,0.0,0.0,21.9,0.0,1
RELG11,Híbrido,48.04,1451.0,0.7,0.99,3.07,5.54,12.28,1.02,0.92,1.02,1.98,0.4,1.39,2.4,162819580.31,122.0,39.0,0.0,0.0,0.0,0.0,10.4,10.4,3
MATV11,Títulos e Val. Mob.,74.08,186.0,0.6,0.74,3.18,5.84,13.27,1.06,0.97,1.11,1.98,0.01,0.75,2.0,38799465.3,91.09,81.0,0.0,0.0,0.0,0.0,0.0,0.0,0
LFTT11,Residencial,65.0,34.0,1.32,1.94,17.8,0.0,0.0,5.93,0.0,0.0,17.8,-7.69,-5.9,9.64,283216343.77,38.25,170.0,13.37,0.0,13.37,13.37,0.0,0.0,0
RSPD11,Residencial,10.02,103.0,20.13,0.0,0.0,0.0,0.0,0.0,0.0,0.0,0.0,0.0,0.0,0.0,17170236.81,1148.04,1.0,0.63,0.0,0.63,0.63,0.0,0.0,0
RSPD11,Residencial,10.02,20507.0,20.13,0.0,0.0,0.0,0.0,0.0,0.0,0.0,0.0,0.0,0.0,0.0,17170236.81,1148.04,1.0,0.63,0.0,0.63,0.63,0.0,0.0,0
RSPD11,Residencial,10.02,22773.0,20.13,0.0,0.0,0.0,0.0,0.0,0.0,0.0,0.0,0.0,0.0,0.0,17170236.81,1148.04,1.0,0.63,0.0,0.63,0.63,0.0,0.0,0
RSPD11,Residencial,10.03,42904.0,20.13,0.0,0.0,0.0,0.0,0.0,0.0,0.0,0.0,0.0,0.0,0.0,17170236.81,1148.04,1.0,0.63,0.0,0.63,0.63,0.0,0.0,0
RSPD11,Residencial,10.03,45627.0,20.13,0.0,0.0,0.0,0.0,0.0,0.0,0.0,0.0,0.0,0.0,0.0,17170236.81,1148.04,1.0,0.63,0.0,0.63,0.63,0.0,0.0,0
RSPD11,Residencial,10.03,25802.0,20.13,0.0,0.0,0.0,0.0,0.0,0.0,0.0,0.0,0.0,0.0,0.0,17170236.81,1148.04,1.0,0.63,0.0,0.63,0.63,0.0,0.0,0
RSPD11,Residencial,10.03,31960.0,20.13,0.0,0.0,0.0,0.0,0.0,0.0,0.0,0.0,0.0,0.0,0.0,17170236.81,1148.04,1.0,0.63,0.0,0.63,0.63,0.0,0.0,0
RSPD11,Residencial,10.05,31636.0,20.13,0.0,0.0,0.0,0.0,0.0,0.0,0.0,0.0,0.0,0.0,0.0,17170236.81,1148.04,1.0,0.63,0.0,0.63,0.63,0.0,0.0,0
RSPD11,Residencial,10.03,44516.0,20.13,0.0,0.0,0.0,0.0,0.0,0.0,0.0,0.0,0.0,0.0,0.0,17170236.81,1148.04,1.0,0.63,0.0,0.63,0.63,0.0,0.0,0
CCME11,Outros,95.84,10.0,0.85,0.0,0.0,0.0,0.0,0.0,0.0,0.0,0.0,0.0,0.0,0.0,0.0,0.0,0.0,0.0,0.0,0.0,0.0,0.0,0.0,0
CVBI11,Títulos e Val. Mob.,89.5,37542.0,1.05,1.23,3.6,6.36,13.17,1.2,1.06,1.1,3.6,-4.06,-2.88,-0.09,14566409.08,94.92,94.0,1.11,0.41,1.52,4.48,0.0,0.0,0
BLCA11,Lajes Corporativas,110.0,3.0,0.57,0.52,1.69,3.54,6.77,0.56,0.59,0.56,1.69,-4.84,-4.35,29.39,223249725.91,139.53,79.0,0.41,-2.14,-1.74,-1.34,0.0,0.0,1
CPFF11,Híbrido,62.45,4763.0,0.4,0.7,1.94,4.58,9.67,0.65,0.76,0.81,1.94,-1.57,-0.88,2.46,194714348.49,76.27,82.0,0.52,-3.13,-2.62,-2.62,0.0,0.0,0
RBRP11,Outros,50.1,12080.0,0.27,0.61,1.79,3.39,7.97,0.6,0.56,0.66,1.79,-2.68,-2.08,-3.48,945548836.61,77.64,65.0,0.35,-1.18,-0.84,0.41,13.0,6.0,17
RVBI11,Títulos e Val. Mob.,75.2,2067.0,0.75,1.05,3.21,6.22,12.04,1.07,1.04,1.0,3.21,3.04,4.12,4.61,116824281.99,81.13,93.0,0.92,-0.61,0.31,1.09,0.0,0.0,0
RBRF11,Títulos e Val. Mob.,69.98,40771.0,0.63,0.98,2.92,5.64,10.75,0.97,0.94,0.9,2.92,0.97,1.95,1.77,155982743.68,77.19,91.0,0.82,-6.6,-5.84,-5.84,0.0,0.0,0
IRDM11,Títulos e Val. Mob.,84.65,75031.0,0.91,1.16,3.28,5.81,12.86,1.09,0.97,1.07,3.28,-9.12,-8.06,-11.66,3389714938.91,93.04,91.0,0.75,-1.77,-1.03,3.28,0.0,0.0,0
RBRY11,Títulos e Val. Mob.,94.93,10083.0,1.25,1.36,3.84,7.13,14.4,1.28,1.19,1.2,3.84,-2.41,-1.08,0.07,554163457.16,99.91,95.0,1.25,0.13,1.38,2.55,0.0,0.0,0
RBRR11,Títulos e Val. Mob.,89.2,61862.0,1.0,1.15,3.41,6.02,12.55,1.14,1.0,1.05,3.41,2.04,3.22,8.16,1274513907.29,94.84,94.0,1.05,0.39,1.44,2.47,0.0,0.0,0
GAME11,Híbrido,8.52,24826.0,0.1,1.2,3.52,6.85,14.64,1.17,1.14,1.22,3.52,-3.49,-2.33,-0.86,216244512.99,9.97,85.0,1.0,1.11,2.13,3.4,0.0,0.0,0
IBCR11,Títulos e Val. Mob.,74.0,425.0,0.8,1.14,3.66,6.48,14.45,1.22,1.08,1.2,3.66,-7.46,-6.4,-3.43,91539316.32,95.51,77.0,0.84,-0.91,-0.08,9.49,0.0,0.0,0
IRIM11,Híbrido,88.88,412.0,1.03,1.23,3.49,5.94,14.04,1.16,0.99,1.17,3.49,-5.27,-4.11,-3.38,186681888.44,97.23,91.0,0.74,-1.35,-0.62,2.72,0.0,0.0,0
MORC11,Títulos e Val. Mob.,85.43,3525.0,1.1,1.24,3.63,7.15,15.36,1.21,1.19,1.28,3.63,-3.96,-2.76,-5.29,125287392.96,96.98,88.0,1.13,-0.73,0.4,3.3,0.0,0.0,0
KINP11,Residencial,9.82,9168.0,3.05,31.09,36.11,42.61,54.85,12.04,7.1,4.57,36.11,-4.38,25.35,50.3,26408606.84,3.69,266.0,82.65,-0.14,82.39,90.03,0.0,0.0,0
CCRF11,Títulos e Val. Mob.,80.0,8.0,0.62,0.75,2.98,4.83,11.57,0.99,0.8,0.96,2.98,4.79,5.58,-1.55,152815887.39,97.22,82.0,0.63,2.44,3.09,4.58,0.0,0.0,0
BTRA11,Outros,77.73,6572.0,0.85,1.06,3.31,6.39,11.5,1.1,1.07,0.96,3.31,-4.74,-3.74,-1.47,466641228.3,138.69,56.0,0.68,0.0,0.68,0.68,0.0,0.0,0
SADI11,Títulos e Val. Mob.,81.34,3244.0,1.0,1.22,3.58,7.04,14.02,1.19,1.17,1.17,4.74,-6.85,-5.71,-6.85,310851649.88,97.75,83.0,1.09,-0.9,0.19,1.27,0.0,0.0,0
MFAI11,Híbrido,56.6,174.0,0.44,0.77,2.31,5.13,10.5,0.77,0.85,0.88,3.31,1.86,2.64,2.52,20491291.24,64.28,88.0,0.48,-2.81,-2.35,-4.42,0.0,0.0,0
KNCR11,Títulos e Val. Mob.,95.42,174767.0,1.0,1.03,3.31,6.84,13.75,1.1,1.14,1.15,4.52,0.95,1.99,2.38,575622790.32,100.81,95.0,1.21,0.05,1.26,3.5,0.0,0.0,0
CXAG11,Outros,76.75,3206.0,0.75,0.98,2.91,6.09,12.0,0.97,1.01,1.0,3.88,-0.17,0.81,3.08,239821923.88,114.71,67.0,0.65,0.02,0.67,1.33,0.0,0.0,0
CPTS11,Títulos e Val. Mob.,77.05,57580.0,0.71,0.93,2.92,5.07,12.17,0.97,0.84,1.01,2.92,0.14,1.08,2.85,2858127870.96,89.93,86.0,0.41,-1.83,-1.42,1.66,0.0,0.0,0
SNCI11,Títulos e Val. Mob.,97.39,9579.0,1.05,1.1,3.17,6.18,13.54,1.06,1.03,1.13,3.17,-0.71,0.38,1.54,408717519.54,97.31,100.0,1.03,-0.94,0.08,8.67,0.0,0.0,0
MCHF11,Títulos e Val. Mob.,8.51,260862.0,0.1,1.18,3.47,7.03,14.15,1.16,1.17,1.18,3.47,-3.3,-2.16,1.6,302861569.8,9.37,91.0,1.17,-1.49,-0.33,0.21,0.0,0.0,0
GCFF11,Títulos e Val. Mob.,64.96,1698.0,0.75,1.15,3.28,6.31,12.65,1.09,1.05,1.05,3.28,-3.99,-2.88,-2.75,25877625.78,76.43,85.0,0.98,-3.81,-2.87,-2.01,0.0,0.0,0
VGIR11,Títulos e Val. Mob.,9.47,344781.0,0.12,1.29,3.9,7.65,15.25,1.3,1.28,1.27,3.9,-3.23,-1.98,0.8,993272195.2,9.62,98.0,1.35,-0.2,1.15,-89.14,0.0,0.0,0
MGHT11,Hotel,59.2,2109.0,0.8,1.36,4.03,7.44,14.26,1.34,1.24,1.19,4.03,-3.85,-2.54,4.09,112466978.44,85.61,69.0,0.76,-0.45,0.3,-6.08,0.0,0.0,0
VGIA11,Títulos e Val. Mob.,9.52,639833.0,0.15,1.49,4.45,8.71,17.89,1.48,1.45,1.49,4.45,-0.71,0.76,4.19,822255214.43,9.51,100.0,1.52,-0.2,1.33,1.33,0.0,0.0,0
SNFF11,Títulos e Val. Mob.,85.86,4533.0,0.65,0.78,2.3,5.39,10.59,0.77,0.9,0.88,2.3,-1.15,-0.38,-2.37,251391286.35,88.83,97.0,1.46,-4.82,-3.43,1.12,0.0,0.0,0
TRNT11,Lajes Corporativas,100.01,2.0,0.45,0.45,1.21,2.15,4.13,0.4,0.36,0.34,1.21,-6.63,-6.21,-19.02,774860922.43,196.89,51.0,0.0,0.0,0.0,0.0,49.9,0.0,1
VGIP11,Outros,85.55,21125.0,1.1,1.39,3.44,5.45,12.83,1.15,0.91,1.07,3.44,-3.33,-1.99,1.39,168757358.59,90.67,94.0,0.5,-1.78,-1.29,8.0,0.0,0.0,0
MCCI11,Títulos e Val. Mob.,87.06,47753.0,0.95,1.09,3.34,6.95,13.58,1.11,1.16,1.13,3.34,4.11,5.24,6.72,1348562788.74,92.4,94.0,1.19,-2.01,-0.85,3.25,0.0,0.0,0
GCRI11,Títulos e Val. Mob.,89.41,3283.0,1.1,1.23,3.67,7.19,15.37,1.22,1.2,1.28,3.67,-0.99,0.22,3.76,113217259.57,95.08,94.0,1.16,0.75,1.92,1.92,0.0,0.0,0
HCRI11,Hospital,233.5,190.0,2.68,1.14,3.36,7.1,11.84,1.12,1.18,0.99,3.36,-2.46,-1.34,6.1,61592370.0,307.96,76.0,0.0,0.0,0.0,0.0,0.0,0.0,1
BRLA11,Híbrido,154.9,322.0,1.1,0.73,2.28,15.7,18.65,0.76,2.62,1.55,2.28,8.03,8.82,7.31,426827499.46,157.77,98.0,0.69,0.04,0.74,-8.63,0.0,0.0,0
OURE11,Títulos e Val. Mob.,75.71,611.0,1.0,1.34,3.96,7.74,15.73,1.32,1.29,1.31,3.96,0.56,1.91,4.91,9757687.71,90.59,84.0,1.1,0.19,1.3,3.38,0.0,0.0,0
RECX11,Outros,64.25,19.0,0.7,1.03,3.2,5.99,11.9,1.07,1.0,0.99,3.2,4.69,5.78,9.01,1759567.76,78.14,82.0,0.0,0.0,0.0,0.0,0.0,0.0,0
OUFF11,Títulos e Val. Mob.,62.82,2011.0,0.7,1.15,3.4,6.62,13.37,1.13,1.1,1.11,3.4,-1.4,-0.26,0.08,127816812.93,70.45,89.0,0.99,-3.02,-2.05,-1.63,0.0,0.0,0
MORE11,Títulos e Val. Mob.,65.86,4924.0,0.6,0.99,3.06,5.64,11.65,1.02,0.94,0.97,3.06,-1.13,-0.15,2.58,193189471.08,83.3,79.0,0.72,-5.04,-4.36,-2.74,0.0,0.0,0
WTSP11B,Híbrido,34.79,1.0,0.21,0.6,1.8,4.36,7.87,0.6,0.73,0.66,1.8,-5.7,-5.14,1.78,7217767.86,72.56,48.0,0.29,0.17,0.46,1.01,0.0,0.0,0
AFHI11,Títulos e Val. Mob.,95.0,7687.0,1.1,1.18,3.42,6.45,14.1,1.14,1.08,1.18,3.42,-1.21,-0.04,2.79,286309475.82,94.82,100.0,1.01,-0.94,0.06,5.0,0.0,0.0,0
NAVT11,Títulos e Val. Mob.,74.05,909.0,0.85,1.18,3.57,6.98,13.79,1.19,1.16,1.15,3.57,1.11,2.3,5.29,94740518.92,89.84,82.0,0.95,-3.92,-3.02,0.49,0.0,0.0,0
ERCR11,Híbrido,7600.0,1.0,2594.24,0.0,0.0,0.0,0.0,0.0,0.0,0.0,0.0,0.0,0.0,0.0,154744932.02,65128.34,117.0,1.76,0.0,1.76,1.76,0.0,0.0,0
MGCR11,Títulos e Val. Mob.,79.95,2859.0,0.9,1.16,3.35,6.7,15.2,1.12,1.12,1.27,3.35,-1.17,-0.03,2.87,127904113.96,89.93,89.0,1.0,-2.99,-2.02,4.14,0.0,0.0,0
BTLG11,Logística,94.8,97681.0,0.74,0.76,2.34,4.62,9.06,0.78,0.77,0.75,2.34,3.52,4.31,6.52,289628167.96,99.19,96.0,0.75,0.09,0.84,4.82,0.0,2.0,16
OULG11,Outros,38.16,170.0,0.41,1.14,3.25,4.98,9.34,1.08,0.83,0.78,3.25,-5.64,-4.56,-5.65,166691647.81,67.18,57.0,0.61,0.09,0.7,1.79,0.0,0.0,2
SNID11,Renda,100.07,1040.0,0.94,0.94,0.0,0.0,0.0,0.0,0.0,0.0,0.98,-1.68,-0.76,-0.71,0.0,0.0,0.0,0.0,0.0,0.0,0.0,0.0,0.0,0
ALZR11,Logística,111.5,26179.0,0.82,0.72,2.18,4.21,12.41,0.73,0.7,1.03,2.18,2.05,2.79,4.39,740337456.78,106.94,104.0,0.68,-0.03,0.65,7.26,0.0,0.0,15
XPML11,Shoppings,101.98,46864.0,0.8,0.8,2.41,4.88,9.13,0.8,0.81,0.76,2.41,3.28,4.11,5.08,2101487966.93,98.6,103.0,0.81,-0.55,0.26,-4.33,3.9,0.0,16
FCFL11,Outros,108.94,482.0,0.81,0.77,2.29,4.33,8.56,0.76,0.72,0.71,2.29,3.46,4.26,-4.34,403657389.13,116.19,94.0,0.7,0.02,0.72,1.42,0.0,0.0,1
MCHY11,Títulos e Val. Mob.,109.5,303.0,1.4,1.26,3.81,9.66,17.44,1.27,1.61,1.45,3.81,0.82,2.09,4.71,362438620.41,100.96,108.0,1.39,1.28,2.68,2.68,0.0,0.0,0
XPIN11,Outros,73.81,5190.0,0.65,0.94,2.8,5.43,10.22,0.93,0.9,0.85,2.8,0.52,1.46,1.05,737669939.24,103.16,72.0,0.63,-0.55,0.08,1.57,17.3,12.0,5
BLMC11,Outros,72.92,23.0,0.9,1.21,3.47,6.16,13.59,1.16,1.03,1.13,3.47,1.26,2.49,2.75,38761767.73,97.03,75.0,0.93,0.99,1.92,2.78,0.0,0.0,0
RZAK11,Títulos e Val. Mob.,91.89,38011.0,1.11,1.25,3.77,8.18,18.14,1.26,1.36,1.51,3.77,-3.26,-2.05,-6.02,360999586.28,92.64,99.0,1.62,-0.41,1.2,7.9,0.0,0.0,0
BDIF11,Renda,86.35,7027.0,1.1,1.32,1.32,0.0,0.0,0.44,0.0,0.0,1.32,0.0,1.32,1.32,0.0,0.0,0.0,0.0,0.0,0.0,0.0,0.0,0.0,0
ALZM11,Títulos e Val. Mob.,89.0,507.0,0.85,1.03,3.14,3.14,10.36,1.05,0.52,0.86,3.14,-1.38,-0.37,7.47,66447316.94,96.13,93.0,0.0,0.0,0.0,0.0,0.0,0.0,0
CNES11,Lajes Corporativas,27.25,25.0,0.08,0.27,1.06,2.34,4.14,0.35,0.39,0.34,1.06,-0.5,-0.24,-6.52,263957120.08,89.5,30.0,0.12,2.57,2.7,4.26,56.7,0.0,1
BTAL11,Outros,93.25,8654.0,0.83,0.92,2.82,5.51,10.61,0.94,0.92,0.88,2.82,4.75,5.72,4.02,633527504.16,105.89,88.0,0.78,-0.43,0.35,8.41,0.0,0.0,7
EDGA11,Lajes Corporativas,18.5,934.0,0.13,0.66,1.93,4.2,8.0,0.64,0.7,0.67,1.93,-1.8,-1.15,-4.15,233668180.11,61.3,30.0,0.21,0.0,0.21,0.21,48.81,0.0,1
EQIR11,Títulos e Val. Mob.,8.86,3321.0,0.11,1.25,3.73,7.16,24.14,1.24,1.19,2.01,3.73,-1.24,0.0,2.37,4965462.53,9.76,91.0,0.0,0.0,0.0,0.0,0.0,0.0,0
BTSI11,Híbrido,0.0,0.0,0.72,0.0,0.0,0.0,0.0,0.0,0.0,0.0,0.0,0.0,0.0,0.0,195355402.69,104.47,0.0,0.69,0.17,0.86,2.57,0.0,0.0,0
HSLG11,Logística,83.2,8070.0,0.73,0.88,2.74,5.18,9.71,0.91,0.86,0.81,3.61,12.56,13.55,7.6,1320392331.23,104.3,80.0,0.7,-0.15,0.54,2.2,1.1,0.0,5
VIUR11,Títulos e Val. Mob.,7.32,63893.0,0.07,0.98,3.28,6.21,11.84,1.09,1.03,0.99,4.31,21.89,23.08,9.13,24617038.89,9.14,80.0,0.79,-0.35,0.44,1.82,0.0,0.0,6
KNRI11,Híbrido,150.05,33422.0,0.95,0.65,2.03,4.04,7.8,0.68,0.67,0.65,2.68,6.2,6.89,7.41,386429766.26,159.97,94.0,0.59,-0.03,0.57,1.82,2.0,6.72,20
SPTW11,Lajes Corporativas,38.61,4076.0,0.42,1.08,3.24,6.36,11.94,1.08,1.06,0.99,4.28,0.91,2.0,0.33,100482891.3,55.89,69.0,0.75,0.09,0.84,2.46,0.0,0.0,1
PLOG11,Logística,68.11,2129.0,0.7,0.99,3.05,6.1,12.16,1.02,1.02,1.01,4.09,2.81,3.83,2.38,79701531.09,106.27,64.0,0.71,-0.08,0.62,1.33,20.4,0.0,1
RBRD11,Híbrido,33.78,292.0,0.32,0.93,2.87,5.38,10.22,0.96,0.9,0.85,3.78,5.41,6.39,2.14,122197478.5,65.99,51.0,0.48,0.1,0.58,0.99,15.52,0.0,4
JRDM11,Shoppings,78.45,253.0,0.6,0.76,2.32,4.4,8.23,0.77,0.73,0.69,1.48,-4.01,-3.28,-2.58,223323948.83,88.52,89.0,0.67,-0.07,0.59,1.09,2.77,0.0,1
HBRH11,Híbrido,92.8,37.0,0.64,0.69,2.03,4.2,8.59,0.68,0.7,0.72,2.75,2.21,2.91,8.56,311169178.84,112.25,83.0,0.55,-0.02,0.53,0.8,0.0,0.0,3
HLOG11,Logística,81.63,710.0,0.65,0.8,2.35,4.53,8.8,0.78,0.75,0.73,3.1,-1.8,-1.01,-2.73,491405746.57,115.62,71.0,0.56,-0.38,0.18,1.04,58.0,0.0,3
JFLL11,Residencial,65.65,1165.0,0.62,0.95,3.07,6.11,11.33,1.02,1.02,0.94,4.12,11.93,13.0,14.66,15157078.64,101.01,65.0,0.61,-0.02,0.59,1.21,28.0,0.0,2
HUSI11,Hospital,691.0,78.0,8.06,0.0,0.0,0.0,0.0,0.0,0.0,0.0,0.0,0.0,0.0,1.65,129242661.19,1110.69,62.0,0.73,0.02,0.74,14.19,0.0,0.0,0
RRCI11,Títulos e Val. Mob.,79.02,754.0,1.0,1.24,3.74,6.84,14.97,1.25,1.14,1.25,4.78,0.85,2.1,-2.17,4486151.25,91.51,86.0,1.09,0.59,1.68,4.19,0.0,0.0,0
VTLT11,Logística,93.0,916.0,0.88,0.95,2.95,5.66,10.99,0.98,0.94,0.92,3.89,5.89,6.89,3.94,21349844.14,100.94,92.0,0.87,0.05,0.92,2.87,0.0,0.0,1
VTLT11,Logística,93.0,916.0,0.88,0.95,2.95,5.66,10.99,0.98,0.94,0.92,3.89,5.89,6.89,3.94,21349844.14,100.94,92.0,0.87,0.05,0.92,2.87,0.0,0.0,1
PATC11,Lajes Corporativas,69.9,1236.0,0.31,0.46,1.21,6.29,18.1,0.4,1.05,1.51,1.53,7.64,8.13,0.8,264876923.19,76.17,92.0,0.29,-0.43,-0.14,0.15,21.9,18.9,6
PLCR11,Híbrido,83.83,7329.0,1.0,1.2,3.59,7.12,15.11,1.2,1.19,1.26,4.77,0.66,1.87,3.49,191604396.1,90.84,92.0,1.1,-1.64,-0.56,9.06,0.0,0.0,0
APTO11,Híbrido,8.6,4556.0,0.11,1.29,3.71,7.14,14.12,1.24,1.19,1.18,4.86,1.31,2.62,2.54,40106240.92,9.99,86.0,1.0,0.22,1.23,3.48,0.0,0.0,0
NEWU11,Lajes Corporativas,68.05,6.0,0.14,0.2,0.56,1.25,1.81,0.19,0.21,0.15,0.79,0.46,0.66,61.13,5190146.79,68.85,99.0,0.15,0.09,0.23,0.38,63.2,0.0,3
PVBI11,Lajes Corporativas,93.81,35116.0,0.61,0.64,2.03,3.99,7.55,0.68,0.66,0.63,2.75,7.98,8.67,15.95,1240685181.75,102.18,92.0,0.6,-1.42,-0.83,-0.83,0.1,0.0,4
BBFO11,Títulos e Val. Mob.,66.0,2512.0,0.7,1.09,3.28,6.27,12.64,1.09,1.04,1.05,4.44,2.07,3.18,1.25,301826276.48,75.38,88.0,0.92,-3.27,-2.39,-2.07,0.0,0.0,0
JSAF11,Títulos e Val. Mob.,82.98,17128.0,0.93,1.08,3.42,6.82,13.31,1.14,1.14,1.11,4.58,9.03,10.2,12.26,143602322.75,91.29,91.0,1.02,-0.59,0.42,1.44,0.0,0.0,0
VILG11,Logística,98.7,28325.0,0.67,0.71,2.09,4.21,8.42,0.7,0.7,0.7,2.81,11.98,12.78,3.64,1677228504.13,111.83,88.0,0.58,-0.02,0.56,1.47,0.0,0.0,16
CACR11,Híbrido,104.48,3242.0,1.51,1.44,4.16,8.35,16.02,1.39,1.39,1.34,5.52,1.4,2.85,7.67,189161169.77,104.66,100.0,1.38,0.83,2.21,3.59,0.0,0.0,0
RBED11,Outros,119.0,3755.0,1.26,1.05,3.12,6.25,11.98,1.04,1.04,1.0,4.17,-0.46,0.59,4.32,336524619.16,144.28,82.0,0.87,-0.02,0.85,1.73,0.0,0.0,5
HABT11,Títulos e Val. Mob.,84.33,13106.0,1.27,1.49,4.32,7.98,15.01,1.44,1.33,1.25,5.61,-1.32,0.15,-1.23,804850566.67,99.04,85.0,1.26,0.19,1.46,2.96,0.0,0.0,0
HSAF11,Títulos e Val. Mob.,80.51,4638.0,1.1,1.37,3.75,6.62,13.73,1.25,1.1,1.14,4.89,4.74,6.18,6.35,230996555.81,91.43,88.0,1.2,0.45,1.66,4.71,0.0,0.0,0
MFII11,Híbrido,89.2,2786.0,1.1,1.22,3.63,7.11,13.94,1.21,1.18,1.16,4.76,1.39,2.62,-2.22,429466203.87,103.33,86.0,1.07,-0.02,1.06,-0.19,0.0,0.0,9
HOFC11,Lajes Corporativas,24.65,4256.0,0.2,0.8,1.6,2.53,7.38,0.53,0.42,0.62,1.6,-0.6,0.2,1.0,339923926.49,89.95,27.0,0.22,-0.18,0.04,-0.16,46.0,50.0,4
RDPD11,Títulos e Val. Mob.,23.11,1535.0,0.31,1.32,4.36,7.87,14.54,1.45,1.31,1.21,5.58,0.86,2.19,-11.23,27775234.59,25.76,90.0,1.51,-7.66,-6.26,-5.07,0.0,0.0,0
RDPD11,Títulos e Val. Mob.,23.11,1535.0,0.31,1.32,4.36,7.87,14.54,1.45,1.31,1.21,5.58,0.86,2.19,-11.23,27775234.59,25.76,90.0,1.51,-7.66,-6.26,-5.07,0.0,0.0,0
KNHY11,Títulos e Val. Mob.,98.75,9619.0,1.2,1.21,3.66,6.95,12.67,1.22,1.16,1.06,5.04,2.38,3.62,9.09,1850693423.05,100.09,99.0,1.3,1.15,2.46,5.77,0.0,0.0,0
HUSC11,Outros,98.9,55.0,0.86,0.84,2.49,4.21,9.4,0.83,0.7,0.78,3.32,-2.82,-2.0,0.4,11930346.56,145.18,68.0,0.59,-0.86,-0.27,0.67,0.0,0.0,0
NVIF11B,Outros,0.0,0.0,0.44,0.0,0.0,0.0,0.0,0.0,0.0,0.0,0.0,0.0,0.0,0.0,10911540.53,323.4,0.0,0.14,1.85,1.99,2.13,0.0,0.0,0
HSRE11,Híbrido,103.0,10.0,0.63,0.62,1.84,3.69,7.32,0.61,0.61,0.61,2.45,-0.58,0.03,2.38,8574554.19,96.31,107.0,0.65,-0.02,0.64,2.54,0.0,0.0,29
JPPA11,Títulos e Val. Mob.,93.5,7609.0,1.4,1.49,4.29,8.3,18.34,1.43,1.38,1.53,5.63,-3.61,-2.17,-4.76,88967458.82,98.41,95.0,1.42,0.57,2.0,4.95,0.0,0.0,0
QAMI11,Híbrido,74.0,176.0,1.0,1.33,3.62,6.82,14.08,1.21,1.14,1.17,4.73,-3.71,-2.43,-3.12,73333958.7,91.51,81.0,0.87,-1.61,-0.75,10.69,0.0,0.0,0
OUJP11,Títulos e Val. Mob.,95.2,6486.0,1.25,1.34,3.98,7.78,16.06,1.33,1.3,1.34,5.25,3.2,4.58,0.54,324678760.0,99.83,95.0,1.25,0.0,1.25,3.85,0.0,0.0,0
HGRE11,Lajes Corporativas,120.65,29082.0,0.78,0.62,2.02,4.2,7.71,0.67,0.7,0.64,2.71,17.21,17.94,14.23,1853864603.15,156.87,77.0,0.5,-0.08,0.41,1.42,27.13,29.17,21
KFOF11,Títulos e Val. Mob.,80.32,11960.0,0.75,0.96,2.81,5.55,10.58,0.94,0.92,0.88,3.75,1.12,2.09,6.35,392197524.8,86.51,93.0,0.83,-0.96,-0.13,0.6,0.0,0.0,0
HGRU11,Híbrido,123.8,25792.0,0.85,0.69,2.17,5.16,9.77,0.72,0.86,0.81,2.86,6.5,7.24,6.5,2275112647.43,123.6,100.0,0.69,0.67,1.36,2.04,0.0,0.0,17
HSML11,Shoppings,84.19,29662.0,0.74,0.87,2.74,5.3,10.0,0.91,0.88,0.83,3.61,7.47,8.4,10.52,1511783606.51,95.8,88.0,0.77,-0.25,0.52,1.65,4.5,0.0,6
EDFO11B,Lajes Corporativas,185.18,27.0,1.7,0.86,2.57,5.0,10.06,0.86,0.83,0.84,3.43,-0.51,0.35,2.43,42631813.36,180.64,103.0,0.92,0.0,0.93,1.88,7.1,0.0,1
XPCI11,Outros,83.09,24805.0,0.87,1.09,3.52,6.33,12.6,1.17,1.05,1.05,4.74,-2.05,-0.97,5.86,788974768.47,90.67,92.0,1.1,-3.16,-2.09,-2.09,0.0,0.0,0
NVHO11,Hospital,12.49,192.0,0.08,0.74,2.23,4.66,9.09,0.74,0.78,0.76,2.99,-6.67,-5.97,4.89,579484343.88,13.97,89.0,0.6,0.04,0.64,1.24,0.0,0.0,1
RNDP11,Títulos e Val. Mob.,107.01,13.0,0.65,0.58,1.41,2.96,8.59,0.47,0.49,0.72,1.94,-5.03,-4.48,-25.43,21276374.36,197.95,54.0,0.37,6.92,7.32,3.73,0.0,0.0,0
HCHG11,Outros,79.05,176.0,1.0,1.21,3.56,7.08,13.75,1.19,1.18,1.15,4.77,-2.02,-0.84,4.95,120662750.69,100.55,79.0,0.99,0.1,1.1,2.11,0.0,0.0,0
ZAVI11,Híbrido,126.0,1.0,1.1,0.87,1.75,0.0,0.0,0.58,0.0,0.0,1.75,0.0,0.87,1.75,117947263.54,127.3,99.0,0.86,-0.02,0.85,2.48,0.0,0.0,0
RBRD11,Híbrido,33.78,292.0,0.32,0.93,2.87,5.38,10.22,0.96,0.9,0.85,3.78,5.41,6.39,2.14,122197478.5,65.99,51.0,0.48,0.1,0.58,0.99,15.52,0.0,4
RBHG11,Títulos e Val. Mob.,81.42,13519.0,1.05,1.28,3.81,7.5,16.15,1.27,1.25,1.35,5.0,-0.01,1.26,2.88,160467123.94,92.89,88.0,1.13,0.36,1.49,3.79,0.0,0.0,0
LUGG11,Residencial,74.5,402.0,0.57,0.78,2.39,4.56,8.66,0.8,0.76,0.72,3.13,3.55,4.36,0.81,133153427.82,117.76,63.0,0.48,0.16,0.65,1.03,2.4,0.0,4
TGAR11,Outros,115.0,22529.0,1.35,1.2,3.56,6.96,14.7,1.19,1.16,1.23,4.66,1.15,2.37,-1.07,1770493547.79,128.44,90.0,1.04,-1.7,-0.67,0.16,0.0,0.0,0
VOTS11,Títulos e Val. Mob.,81.16,317.0,1.13,1.37,4.08,7.76,14.91,1.36,1.29,1.24,5.34,-3.27,-1.95,2.05,7777257.19,93.94,86.0,1.23,0.92,2.16,4.55,0.0,0.0,0
BRCO11,Logística,102.47,39893.0,0.62,0.61,1.92,3.9,7.91,0.64,0.65,0.66,2.56,6.74,7.39,9.26,1792870468.36,121.31,84.0,0.51,-0.06,0.45,1.43,0.0,0.0,10
VINO11,Lajes Corporativas,39.91,43491.0,0.31,0.72,2.26,4.37,8.64,0.75,0.73,0.72,2.96,10.34,11.14,0.58,90226395.5,54.45,73.0,0.57,-0.29,0.27,1.07,4.2,0.0,9
BBFI11B,Lajes Corporativas,1410.0,230.0,26.14,1.83,5.05,9.11,17.58,1.68,1.52,1.46,6.33,0.85,2.7,-27.3,373514821.67,2873.19,49.0,0.94,0.04,0.98,1.93,39.11,0.0,2
BBPO11,Lajes Corporativas,87.39,12613.0,0.9,1.03,3.22,6.36,12.7,1.07,1.06,1.06,4.25,5.37,6.46,5.1,1604635898.33,100.8,87.0,0.89,0.0,0.9,2.75,0.0,0.0,64
RBIR11,Residencial,83.29,1983.0,0.36,0.53,0.0,0.0,0.0,0.0,0.0,0.0,1.29,12.79,13.39,14.25,145499599.99,95.18,88.0,0.0,0.0,0.0,0.0,0.0,0.0,0
RBTS11,Outros,1121.0,20.0,23.0,0.0,0.0,0.0,0.0,0.0,0.0,0.0,0.0,0.0,0.0,0.44,61943113.63,195.85,102.0,0.46,0.0,0.46,0.46,0.0,0.0,0
ITIP11,Títulos e Val. Mob.,72.91,317.0,0.85,1.15,3.41,6.3,13.2,1.14,1.05,1.1,4.51,2.13,3.3,-0.12,55273670.07,73.88,99.0,1.15,-6.18,-5.1,-4.07,0.0,0.0,0
GESE11B,Outros,1520.0,300.0,14.81,0.0,0.0,0.0,0.0,0.0,0.0,0.0,0.0,0.0,0.0,0.0,92216577.4,1773.4,86.0,0.83,0.06,0.89,1.68,0.0,0.0,0
PATL11,Híbrido,64.13,8305.0,0.6,0.92,2.86,5.32,9.81,0.95,0.89,0.82,3.71,5.62,6.59,-0.74,4899068.08,97.98,65.0,0.61,0.07,0.68,1.79,0.0,0.0,4
CXCE11B,Outros,39.31,1008.0,0.39,0.95,3.05,6.1,11.75,1.02,1.02,0.98,4.06,5.75,6.75,4.71,111628383.84,65.17,60.0,0.64,-0.68,-0.04,0.59,0.0,0.0,1
KNSC11,Títulos e Val. Mob.,87.3,63822.0,0.95,1.11,3.35,6.51,12.07,1.12,1.08,1.01,4.54,1.63,2.76,2.22,1176599335.95,88.63,99.0,1.18,0.37,1.55,4.06,0.0,0.0,0
FIGS11,Shoppings,50.8,2181.0,0.41,0.83,2.49,4.92,9.26,0.83,0.82,0.77,3.3,8.03,8.92,5.9,217510611.45,76.32,67.0,0.51,0.01,0.52,1.54,13.7,0.0,2
FIIB11,Híbrido,457.04,411.0,3.25,0.7,2.18,4.6,9.17,0.73,0.77,0.76,2.9,7.62,8.37,6.11,315573944.93,460.69,99.0,0.71,0.0,0.7,2.18,6.28,0.0,1
PQAG11,Logística,49.95,12.0,0.44,0.87,2.56,4.96,9.45,0.85,0.83,0.79,3.38,-0.96,-0.1,-3.26,801708780.78,57.3,87.0,0.77,0.05,0.82,2.43,0.0,0.0,1
VCJR11,Títulos e Val. Mob.,89.63,37508.0,1.1,1.27,3.73,6.5,11.84,1.24,1.08,0.99,4.92,0.28,1.55,0.63,1403427545.21,95.32,94.0,1.26,0.51,1.78,4.5,0.0,0.0,0
FVPQ11,Shoppings,99.9,66.0,1.0,1.0,2.56,4.98,8.53,0.85,0.83,0.71,3.79,13.48,14.62,2.63,536413763.21,191.57,52.0,0.32,0.05,0.38,1.03,5.5,0.0,1
HGCR11,Títulos e Val. Mob.,103.41,45765.0,1.2,1.16,3.53,7.04,14.06,1.18,1.17,1.17,4.7,2.57,3.76,5.86,1568178886.78,101.71,102.0,1.18,1.06,2.25,3.47,0.0,0.0,0
VIFI11,Títulos e Val. Mob.,7.19,23370.0,0.07,0.94,2.91,5.61,10.58,0.97,0.93,0.88,3.85,6.81,7.82,3.6,68278638.09,8.44,85.0,0.77,-0.98,-0.22,0.08,0.0,0.0,0
MXRF11,Híbrido,10.54,740388.0,0.12,1.13,3.47,6.35,12.74,1.16,1.06,1.06,4.56,3.02,4.18,9.17,2284497771.46,10.11,104.0,0.0,0.0,0.0,0.0,0.0,0.0,0
BTSG11,Híbrido,101.0,298.0,0.87,0.86,0.86,1.72,3.44,0.29,0.29,0.29,0.86,0.0,0.86,0.86,106708130.99,137.69,73.0,0.63,0.0,0.64,1.91,0.0,0.0,0
SARE11,Híbrido,58.6,21926.0,0.62,1.05,3.21,6.14,11.42,1.07,1.02,0.95,4.27,6.62,7.74,2.05,86818151.97,94.0,62.0,0.67,-0.12,0.55,1.23,6.2,0.0,3
CXCO11,Lajes Corporativas,70.86,2035.0,0.74,1.06,2.85,5.92,11.58,0.95,0.99,0.97,3.87,1.27,2.35,1.38,390218232.54,99.43,71.0,0.74,0.03,0.78,2.1,0.0,0.0,0
XPSF11,Outros,7.1,35767.0,0.08,1.08,3.26,6.36,12.27,1.09,1.06,1.02,4.29,1.73,2.82,1.34,349182381.89,8.06,88.0,0.94,-5.58,-4.69,-4.69,0.0,0.0,0
HREC11,Títulos e Val. Mob.,78.19,149.0,0.9,1.18,3.53,6.98,13.58,1.18,1.16,1.13,4.66,0.91,2.1,1.2,464727458.63,90.12,87.0,1.0,1.44,2.45,5.05,0.0,0.0,0
AIEC11,Lajes Corporativas,60.09,6661.0,0.77,1.28,3.77,7.02,12.84,1.26,1.17,1.07,4.04,1.09,2.38,-5.25,454619127.52,94.22,64.0,0.19,0.0,0.19,0.19,0.0,0.0,2
VRTA11,Títulos e Val. Mob.,85.23,25293.0,0.95,1.13,3.32,6.46,13.39,1.11,1.08,1.12,4.47,1.11,2.25,1.17,1438101963.07,92.23,92.0,1.03,1.31,2.36,4.83,0.0,0.0,0
VOTS11,Títulos e Val. Mob.,81.16,317.0,1.13,1.37,4.08,7.76,14.91,1.36,1.29,1.24,5.34,-3.27,-1.95,2.05,7777257.19,93.94,86.0,1.23,0.92,2.16,4.55,0.0,0.0,0
PLRI11,Títulos e Val. Mob.,19.98,617.0,0.07,0.32,1.45,3.19,7.34,0.48,0.53,0.61,1.89,-3.6,-3.3,-11.49,30905371.98,32.39,62.0,0.48,0.38,0.85,1.2,0.0,0.0,0
CXTL11,Logística,347.98,11.0,1.44,0.39,1.2,2.07,3.55,0.4,0.35,0.3,1.58,-10.63,-10.28,-4.48,2509895.8,466.63,75.0,0.36,0.42,0.79,-0.86,61.0,0.0,3
BBRC11,Outros,93.98,1439.0,1.07,1.13,3.25,6.31,12.21,1.08,1.05,1.02,4.29,2.23,3.39,3.13,171731700.66,108.01,87.0,0.92,0.1,1.01,2.94,5.37,1.08,20
RBRS11,Híbrido,54.81,8.0,0.4,0.78,2.34,4.83,9.33,0.78,0.81,0.78,3.07,2.77,3.57,-10.07,163150275.68,94.07,58.0,0.43,-0.01,0.42,0.88,0.0,0.0,0
BCRI11,Títulos e Val. Mob.,67.86,11450.0,0.7,1.02,3.04,6.17,13.36,1.01,1.03,1.11,4.04,-6.45,-5.49,-27.98,61791034.79,98.74,69.0,0.87,-1.64,-0.79,1.01,0.0,0.0,0
TEPP11,Lajes Corporativas,74.49,2566.0,0.52,0.71,2.21,4.35,8.28,0.74,0.72,0.69,2.92,8.42,9.19,9.53,403309943.63,95.53,78.0,0.53,-0.07,0.47,1.54,9.06,18.03,5
BPFF11,Títulos e Val. Mob.,62.0,5018.0,0.62,1.0,3.08,5.97,12.41,1.03,0.99,1.03,4.04,7.88,8.95,-0.06,317536370.2,70.68,88.0,0.88,-1.47,-0.6,0.25,0.0,0.0,0
SPVJ11,Outros,0.0,0.0,0.69,0.0,0.0,0.0,0.0,0.0,0.0,0.0,0.0,0.0,0.0,0.0,734170275.46,116.31,0.0,0.6,0.09,0.69,1.82,0.0,0.0,0
KNIP11,Títulos e Val. Mob.,91.25,127275.0,1.0,1.09,3.25,5.93,11.46,1.08,0.99,0.96,4.36,1.67,2.78,5.91,7663395544.18,95.7,95.0,1.1,1.35,2.46,5.27,0.0,0.0,0
MALL11,Shoppings,103.0,33261.0,0.78,0.75,2.33,4.58,8.91,0.78,0.76,0.74,3.09,6.5,7.29,4.71,194178737.27,119.91,86.0,0.0,0.0,0.0,0.0,4.0,0.0,8
STRX11,Híbrido,22.96,3180000.0,0.78,0.0,0.0,0.0,0.0,0.0,0.0,0.0,0.0,0.0,0.0,0.0,264467459.77,163.9,14.0,0.44,10.6,11.09,12.25,0.0,0.0,0
VLOL11,Lajes Corporativas,98.0,2839.0,0.61,0.62,1.37,3.22,6.68,0.46,0.54,0.56,2.0,6.15,6.81,2.22,198706747.67,111.33,88.0,0.55,0.0,0.55,0.55,0.0,0.0,1
RNGO11,Lajes Corporativas,50.49,2511.0,0.43,0.85,2.66,5.36,10.47,0.89,0.89,0.87,3.57,7.14,8.05,11.11,231563271.73,86.53,58.0,0.5,-0.02,0.48,1.43,24.1,0.0,3
SHPH11,Shoppings,645.0,631.0,4.2,0.68,1.71,2.97,5.94,0.57,0.5,0.49,2.17,-6.63,-5.99,-13.8,545547644.23,895.88,72.0,0.38,0.08,0.46,0.95,10.8,0.0,1
FPAB11,Lajes Corporativas,134.8,1.0,0.9,0.68,2.5,5.75,10.46,0.83,0.96,0.87,3.71,-2.21,-1.54,0.73,282799560.43,377.07,36.0,0.25,0.41,0.67,1.6,33.79,0.0,1
RBVA11,Outros,95.49,5919.0,0.95,1.01,3.09,6.42,12.99,1.03,1.07,1.08,4.1,4.22,5.27,3.93,125441767.1,108.25,88.0,0.89,-0.03,0.86,1.76,0.7,0.0,72
GTWR11,Lajes Corporativas,81.81,13176.0,0.79,0.99,3.11,6.11,11.9,1.04,1.02,0.99,4.17,7.43,8.49,12.13,1138967684.57,94.91,86.0,0.83,0.15,0.98,2.71,0.0,0.0,1
XPHT11,Hotel,109.8,39.0,1.65,1.5,3.66,7.62,12.21,1.22,1.27,1.02,4.78,10.99,12.65,3.92,358486293.56,94.22,117.0,0.0,0.0,0.0,0.0,64.9,0.0,5
XPLG11,Logística,100.33,36539.0,0.74,0.74,2.32,4.62,8.86,0.77,0.77,0.74,3.13,7.82,8.61,13.98,37376013.96,113.42,88.0,0.65,-0.19,0.46,1.16,8.8,1.2,13
ARRI11,Títulos e Val. Mob.,8.27,40503.0,0.11,1.33,3.32,7.55,15.59,1.11,1.26,1.3,4.7,-6.43,-5.19,-7.79,108250162.27,8.85,93.0,1.47,0.0,1.47,1.47,0.0,0.0,0
RBVO11,Outros,8.69,215.0,0.01,0.12,0.44,0.77,2.32,0.15,0.13,0.19,0.54,-5.45,-5.34,-12.79,8960979.35,17.37,50.0,0.06,1.05,1.11,1.74,0.0,0.0,0
LASC11,Shoppings,100.44,84.0,0.63,0.63,2.17,7.78,12.22,0.72,1.3,1.02,7.07,-4.1,-3.5,8.94,3004709.86,102.05,98.0,0.7,-4.0,-3.33,-2.61,2.4,0.0,3
HTMX11,Hotel,109.85,2744.0,1.9,1.8,3.0,5.91,8.53,1.0,0.98,0.71,3.65,1.89,3.72,-3.65,211128423.78,140.35,78.0,0.0,0.0,0.0,0.0,65.0,0.0,23
VCRR11,Residencial,72.8,1562.0,0.71,0.97,2.9,5.69,11.03,0.97,0.95,0.92,3.84,5.32,6.34,6.6,256626446.98,128.31,57.0,0.52,0.04,0.57,1.62,0.0,0.0,0
URPR11,Outros,89.5,22589.0,1.32,1.44,4.19,7.75,16.28,1.4,1.29,1.36,5.43,-0.22,1.22,-3.98,1172646917.37,100.44,89.0,1.32,1.11,2.45,5.39,0.0,0.0,0
NEWL11,Híbrido,101.0,458.0,0.93,0.93,2.79,6.0,12.28,0.93,1.0,1.02,3.73,0.65,1.59,4.42,245626492.1,120.81,84.0,0.77,0.59,1.37,2.15,0.0,0.0,2
LVBI11,Logística,103.39,14706.0,0.76,0.74,2.3,4.51,8.84,0.77,0.75,0.74,3.07,9.78,10.59,8.95,1360113106.61,115.51,90.0,0.65,-0.03,0.62,4.47,0.5,0.0,10
RZTR11,Híbrido,86.32,24033.0,0.85,1.0,3.06,6.13,13.39,1.02,1.02,1.12,4.0,5.98,7.04,-2.19,156219506.67,95.6,90.0,0.89,-0.93,-0.05,0.83,0.0,0.0,10
BICR11,Títulos e Val. Mob.,92.9,3.0,1.0,1.02,2.42,5.04,9.64,0.81,0.84,0.8,3.22,-2.07,-1.07,2.77,49797597.8,99.6,93.0,1.0,0.14,1.15,2.78,0.0,0.0,0
EVBI11,Híbrido,93.95,7.0,0.75,0.8,2.42,4.79,9.38,0.81,0.8,0.78,3.22,3.81,4.64,3.21,18948217.78,99.19,95.0,0.76,-0.62,0.13,1.61,0.0,0.0,4
VGHF11,Títulos e Val. Mob.,9.09,250482.0,0.12,1.33,3.58,6.74,13.75,1.19,1.12,1.15,4.67,1.93,3.29,2.81,666911754.82,9.15,99.0,1.09,0.46,1.56,2.12,0.0,0.0,0
LGCP11,Logística,77.45,3052.0,0.6,0.79,2.41,4.7,9.26,0.8,0.78,0.77,3.2,4.56,5.39,-0.39,280890961.7,102.78,75.0,0.58,0.01,0.6,1.79,0.5,0.0,5
NSLU11,Hospital,168.87,319.0,1.55,0.94,2.81,5.56,9.48,0.94,0.93,0.79,3.75,2.08,3.04,3.34,251911778.36,194.78,87.0,0.77,0.05,0.82,3.11,0.0,0.0,1
FIIP11B,Logística,152.12,351.0,1.35,0.91,2.83,5.56,10.61,0.94,0.93,0.88,3.75,7.54,8.52,4.86,172954872.36,186.54,82.0,0.72,0.07,0.79,2.33,0.0,0.0,7
ITIT11,Títulos e Val. Mob.,72.56,1448.0,0.56,0.78,2.32,4.62,9.15,0.77,0.77,0.76,3.18,-1.99,-1.23,-3.71,70918750.39,78.76,92.0,0.71,5.61,6.36,6.0,0.0,0.0,0
PORD11,Títulos e Val. Mob.,84.49,7130.0,1.0,1.2,3.62,6.83,14.64,1.21,1.14,1.22,4.84,2.05,3.27,-4.34,365459831.04,98.02,86.0,1.07,0.53,1.6,2.77,0.0,0.0,0
XPCM11,Lajes Corporativas,13.41,3622.0,0.1,0.71,2.33,5.74,11.19,0.78,0.96,0.93,3.0,11.11,11.9,-19.46,104359429.79,43.22,31.0,0.23,-1.34,-1.11,-0.84,100.0,0.0,1
XPPR11,Outros,23.03,12938.0,0.1,0.43,1.15,3.89,8.21,0.38,0.65,0.68,2.07,-8.96,-8.56,-27.32,507825213.5,69.41,33.0,0.14,-5.9,-5.76,-6.25,46.0,0.0,4
BNFS11,Outros,113.55,1766.0,1.53,1.3,3.72,7.29,14.59,1.24,1.21,1.22,4.8,5.03,6.4,0.32,63975331.1,91.39,124.0,1.45,0.0,1.45,1.45,0.0,0.0,18
ABCP11,Shoppings,65.62,858.0,0.5,0.73,2.29,4.59,9.26,0.76,0.76,0.77,3.04,6.73,7.51,5.94,431824676.47,91.7,72.0,0.55,0.08,0.62,1.86,7.5,0.0,1
PQDP11,Shoppings,1672.0,55.0,16.42,0.95,3.3,5.37,9.85,1.1,0.89,0.82,3.81,1.78,2.75,-12.01,813718968.26,3314.36,50.0,0.5,0.07,0.57,1.7,3.6,0.0,1
BARI11,Títulos e Val. Mob.,77.55,9858.0,0.9,1.15,3.39,6.36,13.85,1.13,1.06,1.15,4.38,1.42,2.58,-10.54,443249200.01,95.65,81.0,0.94,0.47,1.41,2.37,0.0,0.0,0
BBPO11,Lajes Corporativas,87.39,12613.0,0.9,1.03,3.22,6.36,12.7,1.07,1.06,1.06,4.25,5.37,6.46,5.1,1604635898.33,100.8,87.0,0.89,0.0,0.9,2.75,0.0,0.0,64
BBIM11,Títulos e Val. Mob.,0.0,0.0,0.1,0.0,0.0,0.0,0.0,0.0,0.0,0.0,0.0,0.0,0.0,0.0,31715438.46,30.64,0.0,0.49,1.11,1.61,4.13,0.0,0.0,0
HAAA11,Lajes Corporativas,60.0,1.0,0.43,0.7,2.05,4.01,7.73,0.68,0.67,0.64,2.64,-4.38,-3.7,-21.24,306561925.2,88.73,68.0,0.48,-0.43,0.05,0.92,17.0,0.0,1
BCIA11,Títulos e Val. Mob.,86.39,4256.0,0.78,0.91,2.83,5.53,10.67,0.94,0.92,0.89,3.74,5.65,6.61,6.03,357768939.49,96.2,90.0,0.81,-0.75,0.06,1.04,0.0,0.0,0
CBOP11,Lajes Corporativas,35.41,302.0,0.12,0.33,0.94,4.26,10.07,0.31,0.71,0.84,1.2,-1.32,-0.99,-21.1,104576322.61,73.91,48.0,0.16,0.05,0.21,0.38,33.59,30.79,1
RBHY11,Títulos e Val. Mob.,91.14,820.0,1.2,1.29,3.84,7.57,16.11,1.28,1.26,1.34,5.08,0.54,1.84,0.83,179584127.52,94.84,96.0,1.27,0.3,1.57,4.01,0.0,0.0,0
BICE11,Títulos e Val. Mob.,998.0,70.0,10.0,1.0,3.3,8.11,0.0,1.1,1.35,0.0,5.16,-0.1,0.9,6.54,69361117.11,973.11,103.0,1.03,0.41,1.44,4.48,0.0,0.0,0
EURO11,Logística,223.95,22.0,1.87,0.84,2.44,4.94,9.62,0.81,0.82,0.8,3.22,-2.58,-1.77,-3.69,124809622.16,325.08,69.0,0.58,-0.02,0.56,1.71,0.0,0.0,6
HGBS11,Shoppings,199.0,5566.0,1.45,0.73,2.28,4.51,8.63,0.76,0.75,0.72,3.04,10.62,11.42,11.47,2189632992.76,218.96,91.0,0.64,-0.1,0.54,0.8,6.5,0.0,17
RBFF11,Títulos e Val. Mob.,51.52,5043.0,0.49,0.97,2.99,5.89,11.4,1.0,0.98,0.95,3.95,8.28,9.33,3.6,229918432.37,61.32,84.0,0.8,-4.17,-3.41,-3.41,0.0,0.0,0
SDIL11,Logística,93.99,7694.0,0.83,0.88,2.75,5.4,10.4,0.92,0.9,0.87,3.65,7.08,8.02,5.44,619902894.1,96.93,97.0,0.86,-0.37,0.48,1.91,2.6,0.0,5
GALG11,Híbrido,8.49,108650.0,0.08,0.97,2.93,5.56,10.69,0.98,0.93,0.89,3.82,4.18,5.19,-2.89,53222907.26,9.25,92.0,0.89,-0.43,0.46,1.95,0.0,0.0,6
VJFD11,Híbrido,0.0,0.0,1.02,0.0,0.0,0.0,0.0,0.0,0.0,0.0,0.0,0.0,0.0,0.0,664927608.09,136.36,0.0,0.75,0.13,0.88,2.46,0.0,0.0,0
FLRP11,Shoppings,1610.0,2.0,13.5,0.82,2.39,4.44,8.97,0.8,0.74,0.75,3.21,-2.94,-2.15,7.49,119371176.22,1829.95,88.0,0.71,0.04,0.75,2.32,2.01,0.0,1
WPLZ11,Shoppings,60.95,49.0,0.32,0.52,1.88,3.92,7.47,0.63,0.65,0.62,2.48,-2.61,-2.11,-15.98,89478595.79,87.66,70.0,0.51,-0.04,0.48,1.35,11.0,0.0,1
HGLG11,Logística,163.68,39227.0,1.1,0.68,2.05,4.74,10.03,0.68,0.79,0.84,2.72,1.78,2.47,2.9,3577143616.9,152.5,107.0,0.72,-0.47,0.25,0.97,6.9,6.5,17
HGPO11,Lajes Corporativas,249.1,1508.0,1.6,0.65,1.95,3.8,7.28,0.65,0.63,0.61,2.57,-0.04,0.61,-2.02,524636581.29,299.27,83.0,0.53,-0.03,0.5,1.04,4.99,2.72,2
BLMO11,Lajes Corporativas,20999.0,1.0,70.0,0.0,0.0,0.0,0.0,0.0,0.0,0.0,0.0,0.0,0.0,0.47,127290899.82,33524.07,63.0,0.15,0.28,0.43,0.83,0.0,0.0,1
BTWR11,Lajes Corporativas,107.0,4.0,0.58,0.0,0.0,0.0,0.0,0.0,0.0,0.0,0.0,0.0,0.0,0.81,90699239.03,112.08,95.0,0.42,0.27,0.69,1.58,12.0,0.0,1
KISU11,Títulos e Val. Mob.,7.8,122957.0,0.07,0.89,2.74,5.7,11.55,0.91,0.95,0.96,3.67,2.21,3.12,0.65,361213696.28,8.17,95.0,0.86,-2.33,-1.5,-1.32,0.0,0.0,0
TRXF11,Outros,103.05,31718.0,0.85,0.81,2.46,5.22,10.3,0.82,0.87,0.86,3.27,3.43,4.26,4.0,1240433505.05,103.43,100.0,0.82,0.3,1.13,1.64,0.0,0.0,44
HPDP11,Shoppings,67.02,58.0,0.45,0.66,1.93,3.57,7.04,0.64,0.6,0.59,2.52,-4.2,-3.56,-9.41,259653820.59,89.26,75.0,0.5,0.02,0.52,1.69,2.0,0.0,1
HFOF11,Títulos e Val. Mob.,69.41,19726.0,0.63,0.95,2.89,5.6,10.54,0.96,0.93,0.88,3.84,3.59,4.57,3.89,1730940288.27,75.22,92.0,0.84,-2.15,-1.33,-3.02,0.0,0.0,0
HOSI11,Híbrido,53.5,469.0,0.38,0.68,2.04,6.36,10.06,0.68,1.06,0.84,2.72,-2.9,-2.24,-11.04,53375817.11,93.08,57.0,0.42,0.29,0.71,1.9,0.0,0.0,2
JSRE11,Híbrido,70.0,28148.0,0.46,0.68,2.11,4.21,7.83,0.7,0.7,0.65,2.87,9.21,9.95,8.08,2341749373.7,112.76,62.0,0.41,-0.05,0.36,0.79,14.8,13.4,5
HGFF11,Títulos e Val. Mob.,75.56,26710.0,0.65,0.87,2.73,5.39,10.43,0.91,0.9,0.87,3.63,7.06,8.0,7.19,23893780.44,83.44,91.0,0.78,-1.34,-0.57,0.19,0.0,0.0,0
VSHO11,Shoppings,68.57,141.0,0.69,1.02,3.16,5.88,10.45,1.05,0.98,0.87,4.17,10.24,11.36,8.79,210498623.36,100.29,68.0,0.69,-0.01,0.68,2.89,12.96,0.0,3
VISC11,Shoppings,108.5,25523.0,0.82,0.76,2.34,4.64,8.69,0.78,0.77,0.72,3.11,6.43,7.23,4.26,23033188.29,123.88,88.0,0.66,-0.29,0.37,1.6,8.3,0.0,15
RFOF11,Títulos e Val. Mob.,70.81,745.0,0.7,0.99,3.08,6.08,11.77,1.03,1.01,0.98,4.08,5.47,6.51,5.23,81599908.81,75.68,94.0,0.92,-1.08,-0.16,0.37,0.0,0.0,0
KCRE11,Renda,93.13,4508.0,1.02,1.11,3.56,6.01,0.0,1.19,1.0,0.0,4.76,3.5,4.65,7.3,357420822.53,99.28,94.0,1.36,1.46,2.84,5.33,0.0,0.0,0
RMAI11,Lajes Corporativas,46.5,1800.0,0.26,0.57,1.65,3.14,7.2,0.55,0.52,0.6,2.15,-2.13,-1.57,-9.6,244760897.87,100.16,46.0,0.26,0.0,0.26,-6.62,23.44,0.0,1
CYCR11,Títulos e Val. Mob.,8.37,27168.0,0.1,1.2,3.69,7.28,14.23,1.23,1.21,1.19,4.82,4.67,5.93,2.92,156844423.77,9.61,87.0,1.04,0.09,1.13,-89.68,0.0,0.0,0
BODB11,Renda,9.72,26861.0,0.15,1.54,2.67,2.67,0.0,0.89,0.44,0.0,2.67,-0.72,0.82,1.95,0.0,0.0,0.0,0.0,0.0,0.0,0.0,0.0,0.0,0
IDFI11,Híbrido,46.0,274.0,0.6,1.33,3.37,4.66,11.54,1.12,0.78,0.96,3.58,-9.8,-8.6,-15.03,10179952.07,49.12,94.0,1.14,-11.39,-10.38,-10.2,0.0,0.0,0
CPTI11,Renda,93.9,3789.0,0.9,0.97,1.92,1.92,0.0,0.64,0.32,0.0,1.92,-0.76,0.2,1.16,0.0,0.0,0.0,0.0,0.0,0.0,0.0,0.0,0.0,0
BIDB11,Renda,88.0,1476.0,0.91,1.04,2.53,2.53,0.0,0.84,0.42,0.0,2.53,-0.02,1.02,2.52,0.0,0.0,0.0,0.0,0.0,0.0,0.0,0.0,0.0,0
JURO11,Renda,97.55,47887.0,0.75,0.77,0.77,0.0,0.0,0.26,0.0,0.0,0.77,0.0,0.77,0.77,0.0,0.0,0.0,0.0,0.0,0.0,0.0,0.0,0.0,0
XPCA11,Títulos e Val. Mob.,9.84,201615.0,0.13,1.33,4.18,8.15,16.28,1.39,1.36,1.36,5.5,0.51,1.85,4.01,298179473.03,9.5,104.0,1.58,0.13,1.71,3.07,0.0,0.0,0
BBGO11,Títulos e Val. Mob.,79.75,2338.0,1.02,1.28,3.91,7.08,12.64,1.3,1.18,1.05,4.99,1.56,2.86,3.65,393431665.56,98.23,81.0,1.22,0.51,1.73,3.3,0.0,0.0,0
IFRA11,Renda,94.6,10014.0,0.97,1.02,1.93,1.93,0.0,0.64,0.32,0.0,1.93,-0.33,0.69,1.61,0.0,0.0,0.0,0.0,0.0,0.0,0.0,0.0,0.0,0
VCRA11,Títulos e Valores Mobiliários,100.0,790.0,1.19,1.22,3.64,7.73,0.0,1.21,1.29,0.0,5.01,-3.41,-2.23,-5.97,471342320.2,102.6,97.0,1.46,0.09,1.56,4.15,0.0,0.0,0
RZAG11,Títulos e Val. Mob.,9.22,167471.0,0.13,1.47,3.93,7.54,15.41,1.31,1.26,1.28,5.18,-2.1,-0.66,-2.93,651647786.34,9.58,96.0,1.15,0.66,1.81,0.83,0.0,0.0,0
XPID11,Renda,83.1,33021.0,0.75,0.91,1.44,1.44,0.0,0.48,0.24,0.0,1.44,-1.83,-0.94,-0.41,0.0,0.0,0.0,0.0,0.0,0.0,0.0,0.0,0.0,0
JGPX11,Híbrido,95.5,457.0,1.17,1.23,3.87,7.76,14.79,1.29,1.29,1.23,5.23,-0.68,0.54,2.73,81714374.15,96.35,99.0,1.45,0.16,1.62,2.81,0.0,0.0,0
KNCA11,Títulos e Val. Mob.,105.21,26488.0,1.13,1.08,3.44,7.24,14.85,1.15,1.21,1.24,4.62,1.01,2.1,0.02,1439187178.92,102.07,103.0,1.37,0.35,1.73,3.75,0.0,0.0,0
KDIF11,Renda,129.39,13038.0,1.0,0.78,1.93,1.93,0.0,0.64,0.32,0.0,1.93,1.87,2.66,3.84,0.0,0.0,0.0,0.0,0.0,0.0,0.0,0.0,0.0,0
RBIF11,Renda,97.49,1.0,0.94,0.97,1.31,1.31,0.0,0.44,0.22,0.0,1.31,-2.41,-1.47,-1.13,0.0,0.0,0.0,0.0,0.0,0.0,0.0,0.0,0.0,0
CRFF11,Títulos e Val. Mob.,68.12,38.0,0.61,0.91,2.88,5.69,10.89,0.96,0.95,0.91,3.84,11.33,12.35,8.74,55899806.48,81.01,84.0,0.75,-0.96,-0.21,0.53,0.0,0.0,0
QAGR11,Outros,43.7,5532.0,0.42,0.99,3.01,5.92,11.03,1.0,0.99,0.92,4.0,3.46,4.49,4.14,281473386.2,55.85,78.0,0.73,-0.08,0.65,-1.68,0.0,0.0,12
RBLG11,Logística,92.0,1.0,0.88,0.96,2.86,5.61,11.1,0.95,0.93,0.93,3.78,0.01,0.97,0.57,64230672.96,100.33,92.0,0.88,-1.1,-0.23,2.59,0.0,0.0,1
CXRI11,Híbrido,64.02,295.0,0.56,0.85,2.68,5.27,10.39,0.89,0.88,0.87,3.57,6.82,7.73,7.89,125978660.14,79.95,80.0,0.7,-0.6,0.09,0.79,0.0,0.0,0
GGRC11,Logística,113.25,9840.0,1.02,0.93,2.85,5.46,10.46,0.95,0.91,0.87,3.77,10.03,11.06,10.35,11853785.56,125.22,90.0,0.8,0.59,1.39,2.68,0.0,0.0,20
HGIC11,Títulos e Val. Mob.,99.0,133.0,1.04,1.05,3.0,5.77,11.76,1.0,0.96,0.98,3.64,6.03,7.14,0.48,54860122.59,118.56,83.0,0.87,2.75,3.64,4.23,0.0,0.0,0
RBRL11,Logística,78.59,4616.0,0.6,0.76,2.38,4.87,9.28,0.79,0.81,0.77,3.29,12.21,13.06,13.66,70928795.2,106.03,74.0,0.55,0.58,1.13,1.68,0.0,0.0,6
RCRB11,Lajes Corporativas,117.68,2540.0,0.74,0.63,1.95,3.83,7.1,0.65,0.64,0.59,2.6,7.51,8.19,7.06,769574623.05,208.52,56.0,0.35,0.1,0.46,1.09,28.4,0.0,10
BMLC11,Lajes Corporativas,103.0,11.0,0.74,0.72,2.09,4.58,9.11,0.7,0.76,0.76,2.73,-1.26,-0.55,3.53,108966338.84,109.14,94.0,0.81,-0.05,0.76,4.1,7.0,0.0,2
SEQR11,Outros,60.0,3327.0,0.69,1.15,3.48,6.87,13.04,1.16,1.15,1.09,5.77,1.15,2.31,4.34,150226262.31,93.39,64.0,0.74,-0.15,0.59,2.12,0.0,0.0,0
DVFF11,Híbrido,67.05,4820.0,0.7,1.04,3.19,6.54,12.73,1.06,1.09,1.06,4.23,7.71,8.84,3.58,95722303.43,86.95,77.0,0.81,-1.3,-0.5,-3.03,0.0,0.0,0
HCTR11,Outros,48.21,149297.0,0.5,1.04,2.92,6.16,13.3,0.97,1.03,1.11,3.97,-9.89,-8.95,-47.51,2620721292.22,118.67,41.0,0.42,-0.76,-0.34,0.26,0.0,0.0,0
DCRA11,Títulos e Valores Mobiliários,8.9,15776.0,0.12,1.35,3.93,7.88,0.0,1.31,1.31,0.0,5.25,2.42,3.8,3.61,64824372.42,9.62,93.0,1.25,0.0,1.25,1.25,0.0,0.0,0
DRIT11B,Lajes Corporativas,79.3,1.0,0.68,0.86,2.35,4.3,7.98,0.78,0.72,0.66,2.88,-9.26,-8.48,-19.99,61280546.3,132.28,60.0,0.64,0.06,0.7,0.92,10.47,0.0,6
BLMG11,Logística,65.84,6669.0,0.74,1.12,3.51,6.8,12.63,1.17,1.13,1.05,4.66,7.2,8.4,0.51,352908327.64,92.61,71.0,0.82,-2.04,-1.23,0.02,0.0,0.0,4
BLMR11,Títulos e Val. Mob.,6.58,70114.0,0.07,0.99,3.1,6.11,12.22,1.03,1.02,1.02,4.13,7.87,8.93,8.31,186145692.53,7.29,90.0,0.89,-2.67,-1.8,-0.56,0.0,0.0,0
BREV11,Híbrido,87.87,8.0,0.63,0.72,5.43,15.14,18.97,1.81,2.52,1.58,6.45,-3.44,-2.75,-9.05,113444241.78,117.29,75.0,0.55,-3.45,-2.92,-1.94,0.0,0.0,12
MAXR11,Outros,65.15,188.0,0.73,1.12,3.12,5.48,10.55,1.04,0.91,0.88,3.66,0.43,1.55,15.4,13931149.97,123.76,53.0,0.6,0.21,0.81,1.06,2.8,0.0,8
SCPF11,Shoppings,5.04,464.0,0.02,0.36,1.91,2.72,4.25,0.64,0.45,0.35,1.26,0.0,0.36,1.27,49228205.74,11.72,43.0,0.28,-0.06,0.22,0.62,29.3,0.0,1
FATN11,Híbrido,94.49,2436.0,0.82,0.87,2.53,5.31,10.68,0.84,0.88,0.89,3.49,0.52,1.39,4.06,120479427.65,99.15,95.0,0.75,0.15,0.9,1.81,4.3,0.0,7
NCHB11,Títulos e Val. Mob.,82.41,14139.0,1.25,1.52,4.01,7.42,16.03,1.34,1.24,1.34,5.16,3.5,5.07,0.05,145806912.83,90.18,91.0,1.11,-1.14,-0.04,3.18,0.0,0.0,0
SNAG11,Títulos e Valores Mobiliários,100.8,9786.0,1.06,1.05,3.29,6.84,0.0,1.1,1.14,0.0,4.48,0.0,1.05,4.14,301813119.15,100.6,100.0,1.19,0.3,1.49,3.1,0.0,0.0,0
BRCR11,Híbrido,57.75,33015.0,0.45,0.78,2.46,4.97,9.38,0.82,0.83,0.78,3.33,9.23,10.08,9.73,267322814.44,100.35,58.0,0.5,0.15,0.65,-1.63,21.0,25.8,15
FLMA11,Híbrido,122.53,2080.0,0.88,0.72,2.06,4.22,8.56,0.69,0.7,0.71,2.68,0.05,0.77,-2.35,221802276.65,160.65,76.0,0.53,0.18,0.71,1.76,11.0,0.0,2
ONEF11,Lajes Corporativas,183.89,108.0,0.98,0.53,1.67,3.35,6.69,0.56,0.56,0.56,2.24,8.29,8.87,8.68,183590865.67,201.53,91.0,0.49,0.02,0.51,0.99,0.0,0.0,1
RECR11,Títulos e Val. Mob.,83.61,66522.0,1.01,1.2,3.93,6.98,12.88,1.31,1.16,1.07,5.08,9.17,10.48,2.37,2514926804.0,95.11,88.0,1.32,-0.23,1.09,3.11,0.0,0.0,0
RECT11,Híbrido,52.08,11008.0,0.54,1.04,3.17,6.06,11.11,1.06,1.01,0.93,4.23,4.16,5.24,6.19,793794227.53,92.91,56.0,0.58,-0.31,0.27,1.2,15.1,0.0,8
CEOC11,Lajes Corporativas,53.88,1050.0,0.64,1.18,3.57,6.74,11.69,1.19,1.12,0.97,4.75,-2.11,-0.95,2.01,14385334.17,78.8,68.0,0.0,0.0,0.0,0.0,0.0,0.0,1
GCRA11,Híbrido,92.93,4016.0,1.28,1.38,4.02,7.82,15.6,1.34,1.3,1.3,5.3,-1.66,-0.31,3.17,17181982.22,98.13,95.0,1.29,0.28,1.58,3.96,0.0,0.0,0
MGFF11,Títulos e Val. Mob.,58.51,16723.0,0.5,0.85,2.83,5.63,10.89,0.94,0.94,0.91,3.84,6.83,7.74,13.67,655755708.91,72.45,81.0,0.73,-6.1,-5.41,-2.96,0.0,0.0,0
BCFF11,Títulos e Val. Mob.,68.1,29415.0,0.56,0.82,2.61,5.19,10.17,0.87,0.86,0.85,3.5,9.64,10.55,12.38,1903260829.67,75.57,90.0,0.74,-3.03,-2.31,1.3,0.0,0.0,0
FLCR11,Títulos e Val. Mob.,93.52,1777.0,1.3,1.39,3.87,7.17,14.39,1.29,1.2,1.2,5.01,-0.4,0.98,2.39,61970566.97,97.81,96.0,1.23,-0.43,0.79,3.07,0.0,0.0,0
VSLH11,Outros,4.72,100300.0,0.03,0.64,2.04,5.53,12.81,0.68,0.92,1.07,3.52,-3.87,-3.26,-33.94,30668442.74,10.25,46.0,0.29,-2.11,-1.82,-0.35,0.0,0.0,0
FAED11,Outros,142.5,1324.0,1.62,1.14,3.35,6.64,12.92,1.12,1.11,1.08,4.5,-1.72,-0.6,4.58,13975248.22,217.63,65.0,0.0,0.0,0.0,0.0,0.0,0.0,3
DEVA11,Títulos e Val. Mob.,51.0,68587.0,0.85,1.67,4.14,7.61,14.14,1.38,1.27,1.18,5.4,-3.39,-1.78,-38.59,1384543208.72,98.58,52.0,0.71,-1.63,-0.93,0.09,0.0,0.0,0
FISC11,Lajes Corporativas,165.0,200.0,0.4,0.0,0.0,0.0,0.0,0.0,0.0,0.0,0.0,0.0,0.0,0.0,195891852.31,115.23,143.0,0.35,0.01,0.36,1.01,0.0,0.0,0
NCRI11,Títulos e Valores Mobiliários,8.95,50.0,0.1,1.12,3.51,0.0,0.0,1.17,0.0,0.0,3.51,-0.67,0.44,-1.3,40510932.63,10.26,87.0,1.07,1.01,2.1,4.88,0.0,0.0,0
RBOP11,Outros,466.89,140.0,8.25,1.77,3.74,3.74,13.33,1.25,0.62,1.11,3.74,11.7,13.67,15.92,78396590.65,771.13,61.0,1.07,0.02,1.09,2.17,0.0,0.0,2
